GRIDCODE,CVEID,Fb,,USs4ginCELL (m2),USs4ginMUNICIPIO (m2)
11157,12010,1.00000,,25077.9806,25077.9806
11157,12072,1.00000,,977050.998,977050.998
11549,20190,0.25460,,28827242.59,113227579
11549,20190,0.03067,,3473097.645,113227579
11550,20190,0.31510,,35677854.58,113227579
11550,20190,0.00803,,908806.1105,113227579
11551,20190,0.00148,,167641.6812,113227579
11901,20498,0.78650,,9293723.265,11816504.47
11902,20190,0.16626,,18824692.04,113227579
11902,20498,0.03020,,356799.4224,11816504.47
11903,20190,0.22387,,25348244.41,113227579
12254,20205,1.00000,,3263.524044,3263.524044
12254,20498,0.18330,,2165981.782,11816504.47
13335,27008,0.00059,,14488.97238,24581130.7
13356,07065,0.27845,,5181025.018,18606412.47
13356,07065,0.06870,,1278221.725,18606412.47
13356,07065,0.03757,,699016.0541,18606412.47
13686,27008,0.28044,,6893507.982,24581130.7
13686,27008,0.03630,,892375.997,24581130.7
13687,27008,0.02061,,506645.5083,24581130.7
13688,27008,0.11773,,2893847.734,24581130.7
13688,27008,0.01831,,449973.8418,24581130.7
13709,07065,0.45165,,8403581.365,18606412.47
13709,07065,0.00507,,94252.62924,18606412.47
13710,07065,0.02593,,482452.3423,18606412.47
13710,07065,0.02744,,510473.9987,18606412.47
13710,07065,0.04721,,878336.8168,18606412.47
13713,27001,0.22685,,670760.7675,2956879.646
13713,27001,0.13474,,398413.058,2956879.646
13714,27001,0.23002,,680127.3387,2956879.646
14039,27008,0.04508,,1108095.277,24581130.7
14040,27008,0.04076,,1001991.46,24581130.7
14041,27008,0.05081,,1249059.874,24581130.7
14041,27008,0.30120,,7403903.321,24581130.7
14062,07065,0.02897,,538963.8936,18606412.47
14062,07065,0.02903,,540088.6306,18606412.47
14066,27001,0.15506,,458488.6574,2956879.646
14067,27001,0.12548,,371022.2423,2956879.646
14067,27001,0.12786,,378067.5818,2956879.646
14394,27008,0.08817,,2167240.73,24581130.7
15095,30204,1.00000,,824791.878,824791.878
16894,04003,0.04625,,1206120.926,26080552.3
16895,04003,0.00409,,106707.5366,26080552.3
17247,04003,0.02240,,584112.2978,26080552.3
17247,04003,0.21168,,5520660.259,26080552.3
17248,04003,0.32787,,8551071.559,26080552.3
17600,04003,0.02523,,658122.1721,26080552.3
17601,04003,0.32383,,8445536.672,26080552.3
18223,21114,0.13126,,352890.9871,2688398.729
18577,21114,0.26888,,722843.515,2688398.729
18577,21114,0.38074,,1023573.913,2688398.729
18578,21015,0.00062,,30.85619621,49502.59309
18578,21015,0.99938,,49471.73689,49502.59309
18578,21114,0.12430,,334161.4374,2688398.729
18578,21114,0.09483,,254928.8762,2688398.729
19014,04003,0.03866,,1008220.88,26080552.3
19265,15118,1.00000,,437102.8149,437102.8149
19272,09013,0.87364,,579734.8825,663583.0415
19273,09011,0.84461,,105794.1882,125258.6885
19273,09013,0.12636,,83848.159,663583.0415
19275,15025,0.35861,,288869.6669,805533.6969
19623,09004,1.00000,,822742.1399,822742.1399
19623,09008,1.00000,,210260.009,210260.009
19623,09010,0.17818,,373501.5417,2096254.879
19623,09010,0.36017,,754999.9369,2096254.879
19623,09010,0.18857,,395293.4272,2096254.879
19624,09003,0.05328,,357527.8379,6709873.209
19624,09003,0.94672,,6352345.371,6709873.209
19624,09010,0.00015,,319.1857434,2096254.879
19624,09010,0.22533,,472351.2044,2096254.879
19624,09010,0.04760,,99789.58273,2096254.879
19625,09007,0.48424,,894108.2043,1846418.456
19626,09007,0.51576,,952310.2512,1846418.456
19626,09011,0.15539,,19464.50037,125258.6885
19627,15039,0.02408,,390269.4123,16208654.43
19627,15039,0.03311,,536695.43,16208654.43
19627,15070,1.00000,,36819.59215,36819.59215
19628,15025,0.01067,,8595.793714,805533.6969
19628,15025,0.15997,,128864.0119,805533.6969
19628,15039,0.00185,,30012.19551,16208654.43
19628,15039,0.12405,,2010618.373,16208654.43
19628,15039,0.02454,,397827.9526,16208654.43
19628,15039,0.09727,,1576667.768,16208654.43
19628,15039,0.04575,,741619.5583,16208654.43
19628,15039,0.11934,,1934375.098,16208654.43
19628,15039,0.03742,,606563.3662,16208654.43
19628,15039,0.04051,,656690.5458,16208654.43
19628,15039,0.00037,,5931.674905,16208654.43
19629,15025,0.02102,,16930.56408,805533.6969
19629,15025,0.44973,,362273.6593,805533.6969
19629,15039,0.01740,,282052.5335,16208654.43
19629,15039,0.00522,,84675.97367,16208654.43
19629,15039,0.01678,,271935.5864,16208654.43
19629,15039,0.00793,,128537.3104,16208654.43
19629,15039,0.02512,,407158.3907,16208654.43
19629,15039,0.07092,,1149494.366,16208654.43
19629,15039,0.00285,,46117.24764,16208654.43
19630,15039,0.04053,,656884.262,16208654.43
19633,29015,1.00000,,715038.021,715038.021
19964,16112,0.90067,,3021093.405,3354267.577
19964,16112,0.09933,,333174.1725,3354267.577
19966,15111,0.93819,,1663570.2,1773168.064
19967,15111,0.06181,,109597.8637,1773168.064
19976,15057,0.41036,,775724.0981,1890352.658
19977,09016,0.05670,,387925.045,6841579.367
19977,09016,0.07082,,484545.9465,6841579.367
19977,09016,0.83221,,5693634.652,6841579.367
19977,15057,0.58964,,1114628.56,1890352.658
19978,09005,0.12442,,654843.714,5263168.693
19979,09005,0.02270,,119497.8734,5263168.693
19979,15058,0.06585,,568.5067983,8633.859479
19981,15029,0.98197,,1058736.204,1078178.951
19981,15029,0.01803,,19442.74677,1078178.951
19981,15039,0.05090,,825052.167,16208654.43
19981,15039,0.00685,,110958.6265,16208654.43
19981,15099,0.32988,,3547872.359,10754888.58
19981,15099,0.04621,,496941.2997,10754888.58
19981,15099,0.07836,,842803.7945,10754888.58
19981,15099,0.07224,,776898.9246,10754888.58
19982,15039,0.20721,,3358516.589,16208654.43
19982,15099,0.03194,,343523.6603,10754888.58
19982,15099,0.04082,,439010.5542,10754888.58
20302,16066,0.15903,,1399289.092,8798723.533
20302,16066,0.62629,,5510550.642,8798723.533
20303,16066,0.16223,,1427457.96,8798723.533
20303,16066,0.02893,,254589.5306,8798723.533
20303,16066,0.02351,,206836.3076,8798723.533
20330,09002,1.00000,,318707.7681,318707.7681
20330,09016,0.04026,,275473.7237,6841579.367
20331,09005,0.54226,,2854000.916,5263168.693
20331,09005,0.18784,,988633.0134,5263168.693
20331,15104,1.00000,,397032.4482,397032.4482
20332,09005,0.12278,,646193.1757,5263168.693
20332,15058,0.93415,,8065.352367,8633.859479
20334,15099,0.27860,,2996283.054,10754888.58
20334,15099,0.05688,,611761.1152,10754888.58
20335,15099,0.06507,,699793.821,10754888.58
20655,16100,0.99959,,2845223.774,2846377.925
20656,16100,0.00041,,1154.151313,2846377.925
20659,16053,0.43553,,13064198.02,29996176.54
20660,16053,0.09709,,2912213.324,29996176.54
20682,15013,0.99360,,80772.48287,81292.76848
20682,15060,1.00000,,13.10951391,13.10951391
20682,15121,0.57685,,5253693.969,9107573.246
20683,15013,0.00640,,520.2851024,81292.76848
20683,15121,0.10411,,948185.7911,9107573.246
20687,15065,0.06445,,3283.520895,50946.13427
20687,15093,0.48559,,2672716.72,5504021.53
20687,15093,0.16302,,897247.3703,5504021.53
20688,15093,0.17918,,986209.4921,5504021.53
20688,15093,0.14463,,796020.9312,5504021.53
20706,30128,0.40599,,1482269.462,3650959.53
21013,16053,0.02969,,890629.5163,29996176.54
21013,16053,0.02301,,690316.2763,29996176.54
21013,16053,0.03093,,927643.9786,29996176.54
21013,16053,0.01802,,540462.0444,29996176.54
21013,16053,0.20327,,6097423.456,29996176.54
21014,16022,0.01661,,30936.47656,1862339.062
21014,16022,0.05129,,95527.50264,1862339.062
21014,16022,0.41363,,770320.3821,1862339.062
21014,16053,0.00784,,235104.5501,29996176.54
21014,16053,0.01509,,452674.4131,29996176.54
21014,16053,0.03025,,907378.6123,29996176.54
21014,16053,0.09407,,2821641.231,29996176.54
21014,16053,0.01522,,456491.1198,29996176.54
21021,16041,1.00000,,1136624.736,1136624.736
21035,15121,0.28903,,2632317.379,9107573.246
21036,15121,0.03002,,273376.1067,9107573.246
21040,15065,0.93555,,47662.61404,50946.13427
21040,15075,1.00000,,201372.384,201372.384
21040,15093,0.02758,,151827.0162,5504021.53
21059,30128,0.59401,,2168690.068,3650959.53
21367,16022,0.51846,,965554.7003,1862339.062
21394,15016,0.12432,,89391.29245,719043.6937
21395,15016,0.55028,,395672.0345,719043.6937
21395,15016,0.32540,,233980.3668,719043.6937
21708,16025,1.00000,,6597781.707,6597781.707
22549,04002,0.31342,,2707313.188,8638099.333
22549,04004,0.82113,,373130.1177,454409.8981
22554,04002,0.33826,,2921928.454,8638099.333
22554,04002,0.10818,,934508.8271,8638099.333
22555,04002,0.10393,,897762.1501,8638099.333
22555,04002,0.13621,,1176586.714,8638099.333
22555,04006,1.00000,,552613.7913,552613.7913
22902,04004,0.17887,,81279.78037,454409.8981
23114,16011,0.40812,,970923.4081,2379013.957
23114,16103,1.00000,,96832.09159,96832.09159
23162,13001,1.00000,,831610.0549,831610.0549
23164,13077,1.00000,,512632.2575,512632.2575
23168,21183,0.56728,,2900540.609,5113053.055
23467,16011,0.25048,,595906.3178,2379013.957
23468,14018,1.00000,,21397.58483,21397.58483
23468,16011,0.34140,,812184.2316,2379013.957
23521,21183,0.43272,,2212512.446,5113053.055
23965,04008,0.85839,,251259.8552,292709.6326
24222,30072,1.00000,,2606743.291,2606743.291
24222,30198,1.00000,,351577.3414,351577.3414
24318,04008,0.14161,,41449.77737,292709.6326
25394,23006,1.00000,,4425311.615,4425311.615
26319,22005,1.00000,,6552057.518,6552057.518
26660,11015,1.00000,,409884.1909,409884.1909
31605,24028,0.57460,,774770.2369,1348370.802
31605,24028,0.42540,,573600.5647,1348370.802
31931,14025,1.00000,,2056473.028,2056473.028
39682,10005,1.00000,,930584.7561,930584.7561